route_no,bus_no,from,to,distance_km,estimated_time_hours,fare_inr
STR1001,PB57-2142,Patiala,Rajpura,25,0.51,33.97
STR1002,PB82-7845,Sonipat,Delhi,45,0.83,66.67
STR1003,PB41-6668,Moga,Ludhiana,70,1.27,93.26
STR1004,PB36-1493,Jalandhar,Ludhiana,60,1.13,78.67
STR1005,PB33-6267,Bathinda,Moga,70,1.32,92.77
STR1006,PB77-3613,Kurukshetra,Panipat,85,1.6,132.05
STR1007,PB11-3120,Bathinda,Moga,70,1.46,103.0
STR1008,PB54-1769,Ropar,Chandigarh,45,0.9,71.79
STR1009,PB16-9607,Zirakpur,Ambala,35,0.66,52.23
STR1010,PB60-5839,Bathinda,Moga,70,1.49,93.08
STR1011,PB98-2704,Chandigarh,Kurukshetra,95,2.16,151.94
STR1012,PB48-4261,Ropar,Chandigarh,45,1.0,68.18
STR1013,PB36-6289,Ferozepur,Faridkot,45,0.87,69.93
STR1014,PB29-6660,Rajpura,Ambala,35,0.7,53.41
STR1015,PB47-5675,Ferozepur,Faridkot,45,0.98,65.39
STR1016,PB65-7545,Ambala,Delhi,200,4.08,297.19
STR1017,PB57-2765,Patiala,Rajpura,25,0.6,32.61
STR1018,PB93-9925,Sonipat,Delhi,45,0.92,68.93
STR1019,PB10-9119,Ferozepur,Faridkot,45,0.9,59.02
STR1020,PB51-8542,Moga,Ludhiana,70,1.4,110.67
STR1021,PB34-9662,Chandigarh,Ambala,45,0.87,66.19
STR1022,PB50-9827,Karnal,Delhi,125,2.66,186.79
STR1023,PB28-1592,Ferozepur,Faridkot,45,1.05,59.11
STR1024,PB93-7884,Sonipat,Delhi,45,1.0,68.34
STR1025,PB91-9753,Sonipat,Delhi,45,0.87,71.11
STR1026,PB14-8103,Jalandhar,Ludhiana,60,1.18,92.93
STR1027,PB26-1671,Ferozepur,Faridkot,45,0.82,67.84
STR1028,PB12-6694,Chandigarh,Kurukshetra,95,2.07,150.48
STR1029,PB84-6468,Chandigarh,Kurukshetra,95,2.11,151.03
STR1030,PB48-9788,Bathinda,Moga,70,1.4,99.34
STR1031,PB92-2276,Kurukshetra,Panipat,85,1.85,131.15
STR1032,PB33-3178,Ropar,Chandigarh,45,0.96,71.22
STR1033,PB86-9337,Ferozepur,Faridkot,45,1.05,61.78
STR1034,PB81-6825,Ludhiana,Chandigarh,100,2.17,136.2
STR1035,PB77-7481,Ferozepur,Faridkot,45,0.83,70.48
STR1036,PB44-1513,Zirakpur,Ambala,35,0.65,46.9
STR1037,PB55-9744,Ludhiana,Chandigarh,100,2.04,141.55
STR1038,PB40-4856,Faridkot,Bathinda,65,1.18,98.53
STR1039,PB12-5777,Sonipat,Delhi,45,1.05,66.18
STR1040,PB71-6707,Chandigarh,Ambala,45,0.88,62.15
STR1041,PB21-5635,Kurukshetra,Panipat,85,1.7,123.42
STR1042,PB97-4886,Kurukshetra,Panipat,85,1.77,122.95
STR1043,PB48-9799,Bathinda,Moga,70,1.27,99.03
STR1044,PB54-1432,Ludhiana,Chandigarh,100,1.82,143.37
STR1045,PB39-9501,Bathinda,Moga,70,1.52,109.53
STR1046,PB60-3186,Patiala,Rajpura,25,0.54,36.17
STR1047,PB21-1138,Chandigarh,Ambala,45,0.82,70.77
STR1048,PB85-7731,Faridkot,Bathinda,65,1.33,95.0
STR1049,PB24-5228,Moga,Ludhiana,70,1.35,93.33
STR1050,PB77-3090,Ambala,Karnal,75,1.79,101.17
STR1051,PB41-2335,Chandigarh,Ambala,45,0.83,59.28
STR1052,PB28-4185,Bathinda,Moga,70,1.37,110.79
STR1053,PB86-8985,Ludhiana,Chandigarh,100,1.96,142.45
STR1054,PB16-6588,Moga,Ludhiana,70,1.3,95.38
STR1055,PB66-4141,Ludhiana,Chandigarh,100,2.13,131.92
STR1056,PB58-4295,Moga,Ludhiana,70,1.35,106.61
STR1057,PB74-8722,Ropar,Chandigarh,45,1.07,61.11
STR1058,PB57-6531,Ludhiana,Chandigarh,100,2.22,133.81
STR1059,PB64-6886,Bathinda,Moga,70,1.52,110.29
STR1060,PB58-3832,Zirakpur,Ambala,35,0.66,55.4
STR1061,PB84-8556,Ambala,Delhi,200,3.92,267.85
STR1062,PB82-8758,Ambala,Karnal,75,1.36,101.11
STR1063,PB12-6123,Rajpura,Ambala,35,0.74,51.89
STR1064,PB56-8801,Ropar,Chandigarh,45,1.07,68.92
STR1065,PB26-3227,Ambala,Karnal,75,1.44,110.71
STR1066,PB82-1281,Ferozepur,Faridkot,45,0.96,63.68
STR1067,PB50-5678,Ferozepur,Faridkot,45,1.02,59.43
STR1068,PB40-6960,Ropar,Chandigarh,45,0.9,59.64
STR1069,PB29-4777,Patiala,Rajpura,25,0.46,39.01
STR1070,PB39-7633,Chandigarh,Zirakpur,15,0.36,19.72
STR1071,PB68-1013,Zirakpur,Ambala,35,0.64,48.24
STR1072,PB72-2090,Chandigarh,Zirakpur,15,0.27,23.44
STR1073,PB23-1459,Bathinda,Moga,70,1.27,100.51
STR1074,PB61-5399,Karnal,Delhi,125,2.6,199.19
STR1075,PB54-1228,Bathinda,Moga,70,1.35,110.97
STR1076,PB84-8775,Chandigarh,Ambala,45,0.85,71.26
STR1077,PB62-2221,Faridkot,Bathinda,65,1.3,87.45
STR1078,PB27-7005,Ludhiana,Chandigarh,100,2.17,156.18
STR1079,PB25-7124,Ambala,Karnal,75,1.7,112.49
STR1080,PB99-1244,Patiala,Rajpura,25,0.57,37.75
STR1081,PB21-6919,Chandigarh,Zirakpur,15,0.34,22.28
STR1082,PB83-4379,Panipat,Sonipat,55,1.2,83.44
STR1083,PB52-4151,Bathinda,Moga,70,1.59,103.75
STR1084,PB78-6428,Chandigarh,Ambala,45,1.07,61.01
STR1085,PB63-3045,Amritsar,Jalandhar,80,1.7,125.61
STR1086,PB18-3382,Jalandhar,Ludhiana,60,1.36,95.92
STR1087,PB43-6674,Ferozepur,Faridkot,45,1.02,59.03
STR1088,PB32-4562,Patiala,Rajpura,25,0.56,35.96
STR1089,PB81-9387,Moga,Ludhiana,70,1.32,106.11
STR1090,PB71-3430,Jalandhar,Ludhiana,60,1.28,79.14
STR1091,PB20-8424,Ambala,Delhi,200,3.77,273.57
STR1092,PB11-1117,Ropar,Chandigarh,45,0.94,59.3
STR1093,PB23-5644,Ambala,Delhi,200,3.92,268.83
STR1094,PB69-2208,Ambala,Karnal,75,1.67,99.98
STR1095,PB88-9693,Ambala,Karnal,75,1.42,117.39
STR1096,PB32-4745,Bathinda,Moga,70,1.43,106.55
STR1097,PB90-8204,Chandigarh,Kurukshetra,95,1.83,132.89
STR1098,PB82-9680,Ludhiana,Chandigarh,100,2.17,157.94
STR1099,PB29-3228,Chandigarh,Kurukshetra,95,1.79,143.72
STR1100,PB29-1440,Kurukshetra,Panipat,85,1.55,132.56
STR1101,PB14-5276,Moga,Ludhiana,70,1.4,109.07
STR1102,PB37-6154,Faridkot,Bathinda,65,1.38,95.14
STR1103,PB79-7529,Bathinda,Moga,70,1.32,102.04
STR1104,PB48-2328,Zirakpur,Ambala,35,0.66,54.14
STR1105,PB23-2406,Chandigarh,Zirakpur,15,0.36,20.7
STR1106,PB57-3141,Sonipat,Delhi,45,0.94,64.81
STR1107,PB91-6716,Ambala,Karnal,75,1.53,107.84
STR1108,PB36-5424,Moga,Ludhiana,70,1.46,110.29
STR1109,PB19-9846,Kurukshetra,Panipat,85,1.7,118.42
STR1110,PB23-5510,Faridkot,Bathinda,65,1.2,95.45
STR1111,PB48-1841,Moga,Ludhiana,70,1.67,100.17
STR1112,PB68-1303,Sonipat,Delhi,45,0.82,62.65
STR1113,PB77-3183,Bathinda,Moga,70,1.46,106.62
STR1114,PB50-6265,Ludhiana,Chandigarh,100,1.85,155.21
STR1115,PB55-9945,Patiala,Rajpura,25,0.54,38.45
STR1116,PB50-5385,Jalandhar,Ludhiana,60,1.18,88.28
STR1117,PB78-6280,Chandigarh,Kurukshetra,95,1.73,149.52
STR1118,PB38-4504,Bathinda,Moga,70,1.43,92.78
STR1119,PB12-9062,Bathinda,Moga,70,1.56,105.79
STR1120,PB27-4160,Sonipat,Delhi,45,0.96,68.25
STR1121,PB25-9375,Sonipat,Delhi,45,1.0,70.06
STR1122,PB99-2742,Ambala,Delhi,200,3.92,295.4
STR1123,PB49-5226,Bathinda,Moga,70,1.46,103.11
STR1124,PB14-5830,Sonipat,Delhi,45,0.85,63.14
STR1125,PB93-9181,Kurukshetra,Panipat,85,1.77,123.54
STR1126,PB60-8042,Karnal,Delhi,125,2.72,174.69
STR1127,PB10-9860,Kurukshetra,Panipat,85,1.57,123.62
STR1128,PB34-7109,Patiala,Rajpura,25,0.5,38.01
STR1129,PB83-4762,Sonipat,Delhi,45,1.05,60.42
STR1130,PB77-1360,Bathinda,Moga,70,1.4,105.67
STR1131,PB71-4905,Ropar,Chandigarh,45,1.07,65.48
STR1132,PB93-8596,Chandigarh,Kurukshetra,95,1.9,138.21
STR1133,PB58-6644,Faridkot,Bathinda,65,1.35,87.67
STR1134,PB80-1604,Chandigarh,Kurukshetra,95,1.86,126.02
STR1135,PB15-7239,Patiala,Rajpura,25,0.54,33.56
STR1136,PB55-2240,Bathinda,Moga,70,1.4,93.21
STR1137,PB62-6343,Jalandhar,Ludhiana,60,1.22,90.48
STR1138,PB23-9004,Bathinda,Moga,70,1.37,99.87
STR1139,PB10-8560,Amritsar,Jalandhar,80,1.57,107.46
STR1140,PB45-3633,Zirakpur,Ambala,35,0.8,53.7
STR1141,PB14-7385,Bathinda,Moga,70,1.27,104.63
STR1142,PB53-6803,Zirakpur,Ambala,35,0.7,47.53
STR1143,PB73-1957,Karnal,Delhi,125,2.98,190.13
STR1144,PB12-2511,Ropar,Chandigarh,45,0.87,70.9
STR1145,PB97-4991,Chandigarh,Kurukshetra,95,1.79,136.42
STR1146,PB33-2987,Zirakpur,Ambala,35,0.71,54.08
STR1147,PB90-1890,Chandigarh,Zirakpur,15,0.35,22.16
STR1148,PB52-3622,Ambala,Karnal,75,1.74,101.43
STR1149,PB41-1016,Ferozepur,Faridkot,45,0.9,62.05
STR1150,PB67-9216,Ambala,Delhi,200,4.44,299.57
STR1151,PB31-3605,Rajpura,Ambala,35,0.81,50.76
STR1152,PB93-9615,Zirakpur,Ambala,35,0.7,46.41
STR1153,PB77-5906,Zirakpur,Ambala,35,0.66,47.18
STR1154,PB36-7211,Bathinda,Moga,70,1.4,92.12
STR1155,PB98-5565,Ludhiana,Chandigarh,100,2.27,153.31
STR1156,PB68-3305,Moga,Ludhiana,70,1.67,91.85
STR1157,PB66-9359,Ambala,Delhi,200,4.65,304.71
STR1158,PB80-5020,Faridkot,Bathinda,65,1.18,93.05
STR1159,PB37-1135,Ropar,Chandigarh,45,0.92,66.05
STR1160,PB15-4995,Chandigarh,Zirakpur,15,0.31,20.06
STR1161,PB59-1621,Sonipat,Delhi,45,0.82,62.18
STR1162,PB20-2408,Kurukshetra,Panipat,85,1.77,126.15
STR1163,PB19-1502,Ropar,Chandigarh,45,0.98,60.3
STR1164,PB63-7895,Ludhiana,Chandigarh,100,2.08,132.66
STR1165,PB20-7284,Ambala,Karnal,75,1.53,107.75
STR1166,PB91-6775,Ferozepur,Faridkot,45,0.82,65.08
STR1167,PB55-4287,Ambala,Karnal,75,1.74,99.55
STR1168,PB85-5840,Chandigarh,Kurukshetra,95,2.26,123.81
STR1169,PB40-1838,Bathinda,Moga,70,1.27,109.74
STR1170,PB95-3647,Moga,Ludhiana,70,1.43,108.68
STR1171,PB73-1284,Rajpura,Ambala,35,0.66,49.0
STR1172,PB68-7465,Bathinda,Moga,70,1.27,95.76
STR1173,PB74-8356,Amritsar,Jalandhar,80,1.86,110.11
STR1174,PB18-6771,Ropar,Chandigarh,45,0.92,66.73
STR1175,PB10-8652,Ludhiana,Chandigarh,100,2.38,131.91
STR1176,PB86-2030,Chandigarh,Zirakpur,15,0.28,22.41
STR1177,PB88-9754,Bathinda,Moga,70,1.67,103.31
STR1178,PB81-1727,Bathinda,Moga,70,1.27,99.5
STR1179,PB54-3826,Bathinda,Moga,70,1.3,100.54
STR1180,PB51-9049,Ludhiana,Chandigarh,100,2.04,140.64
STR1181,PB79-5981,Bathinda,Moga,70,1.59,93.8
STR1182,PB90-6160,Panipat,Sonipat,55,1.15,87.38
STR1183,PB59-8232,Chandigarh,Zirakpur,15,0.33,20.81
STR1184,PB79-4461,Ropar,Chandigarh,45,1.0,63.92
STR1185,PB43-9354,Ferozepur,Faridkot,45,0.85,60.39
STR1186,PB89-3625,Rajpura,Ambala,35,0.64,52.71
STR1187,PB82-5577,Bathinda,Moga,70,1.46,95.63
STR1188,PB87-4956,Ludhiana,Chandigarh,100,1.92,134.51
STR1189,PB81-2822,Chandigarh,Ambala,45,0.98,61.08
STR1190,PB42-3931,Kurukshetra,Panipat,85,1.57,110.5
STR1191,PB61-3553,Panipat,Sonipat,55,1.28,72.37
STR1192,PB82-6099,Chandigarh,Zirakpur,15,0.28,20.46
STR1193,PB59-1238,Ambala,Delhi,200,4.17,287.75
STR1194,PB26-7178,Bathinda,Moga,70,1.49,105.18
STR1195,PB69-1954,Ambala,Delhi,200,3.64,315.1
STR1196,PB91-1560,Ludhiana,Chandigarh,100,2.27,157.88
STR1197,PB77-4249,Rajpura,Ambala,35,0.73,50.11
STR1198,PB50-1967,Ferozepur,Faridkot,45,0.98,64.43
STR1199,PB51-8761,Rajpura,Ambala,35,0.73,47.93
STR1200,PB13-2819,Ferozepur,Faridkot,45,0.9,60.71
STR1201,PB20-9841,Chandigarh,Zirakpur,15,0.33,21.12
STR1202,PB36-1460,Chandigarh,Zirakpur,15,0.33,21.8
STR1203,PB91-1981,Bathinda,Moga,70,1.37,97.01
STR1204,PB87-9794,Ludhiana,Chandigarh,100,1.82,150.01
STR1205,PB89-8340,Rajpura,Ambala,35,0.74,53.91
STR1206,PB11-9217,Ambala,Karnal,75,1.56,111.45
STR1207,PB57-3662,Ferozepur,Faridkot,45,1.0,64.28
STR1208,PB10-7165,Zirakpur,Ambala,35,0.76,45.76
STR1209,PB31-1572,Ambala,Delhi,200,3.77,296.64
STR1210,PB61-3079,Ambala,Delhi,200,3.64,280.3
STR1211,PB71-5801,Ropar,Chandigarh,45,1.07,61.47
STR1212,PB45-7895,Chandigarh,Kurukshetra,95,2.07,148.05
STR1213,PB62-2150,Sonipat,Delhi,45,0.85,62.38
STR1214,PB27-5407,Kurukshetra,Panipat,85,1.89,128.67
STR1215,PB30-8688,Karnal,Delhi,125,2.4,194.59
STR1216,PB24-7810,Ambala,Delhi,200,3.92,269.22
STR1217,PB61-8983,Ludhiana,Chandigarh,100,2.22,131.99
STR1218,PB40-1096,Chandigarh,Ambala,45,1.0,67.98
STR1219,PB93-6091,Ambala,Delhi,200,3.7,318.94
STR1220,PB74-4615,Zirakpur,Ambala,35,0.7,52.32
STR1221,PB45-9377,Moga,Ludhiana,70,1.4,107.42
STR1222,PB18-3002,Rajpura,Ambala,35,0.71,49.17
STR1223,PB18-4080,Ropar,Chandigarh,45,1.05,64.13
STR1224,PB13-1985,Bathinda,Moga,70,1.63,99.72
STR1225,PB41-5284,Sonipat,Delhi,45,1.02,59.78
STR1226,PB14-8232,Faridkot,Bathinda,65,1.25,100.76
STR1227,PB83-4232,Ludhiana,Chandigarh,100,1.92,131.32
STR1228,PB44-8705,Bathinda,Moga,70,1.52,100.4
STR1229,PB10-9679,Faridkot,Bathinda,65,1.55,100.93
STR1230,PB73-4330,Panipat,Sonipat,55,1.28,78.76
STR1231,PB61-6752,Sonipat,Delhi,45,0.96,62.97
STR1232,PB50-5053,Moga,Ludhiana,70,1.46,104.36
STR1233,PB13-2443,Patiala,Rajpura,25,0.45,36.24
STR1234,PB90-6828,Chandigarh,Ambala,45,0.98,66.11
STR1235,PB39-2584,Jalandhar,Ludhiana,60,1.22,86.13
STR1236,PB96-3061,Sonipat,Delhi,45,0.94,68.37
STR1237,PB42-1838,Bathinda,Moga,70,1.67,103.96
STR1238,PB37-7191,Ropar,Chandigarh,45,0.85,62.9
STR1239,PB35-3724,Patiala,Rajpura,25,0.53,37.03
STR1240,PB37-6901,Ludhiana,Chandigarh,100,2.33,147.78
STR1241,PB91-9380,Ambala,Karnal,75,1.5,104.9
STR1242,PB33-3021,Rajpura,Ambala,35,0.74,51.56
STR1243,PB52-1899,Rajpura,Ambala,35,0.66,51.33
STR1244,PB25-6267,Panipat,Sonipat,55,1.28,74.78
STR1245,PB54-4670,Rajpura,Ambala,35,0.76,54.25
STR1246,PB94-4689,Amritsar,Jalandhar,80,1.63,123.1
STR1247,PB24-7705,Ludhiana,Chandigarh,100,2.04,158.37
STR1248,PB39-8506,Sonipat,Delhi,45,1.05,65.07
STR1249,PB75-1653,Ludhiana,Chandigarh,100,2.38,136.2
STR1250,PB52-6030,Karnal,Delhi,125,2.5,181.54
STR1251,PB47-6887,Ferozepur,Faridkot,45,0.85,66.16
STR1252,PB16-5257,Panipat,Sonipat,55,1.0,74.37
STR1253,PB17-6775,Ropar,Chandigarh,45,0.82,61.21
STR1254,PB80-6705,Moga,Ludhiana,70,1.32,111.62
STR1255,PB87-2319,Chandigarh,Kurukshetra,95,2.21,136.39
STR1256,PB45-7843,Kurukshetra,Panipat,85,2.02,113.82
STR1257,PB83-8996,Chandigarh,Zirakpur,15,0.28,21.07
STR1258,PB70-5755,Ropar,Chandigarh,45,0.98,65.68
STR1259,PB83-2592,Chandigarh,Zirakpur,15,0.28,21.54
STR1260,PB94-4420,Karnal,Delhi,125,2.91,198.08
STR1261,PB25-8158,Patiala,Rajpura,25,0.57,36.1
STR1262,PB14-7400,Faridkot,Bathinda,65,1.55,86.31
STR1263,PB75-4435,Chandigarh,Kurukshetra,95,1.9,139.64
STR1264,PB43-4330,Amritsar,Jalandhar,80,1.6,104.75
STR1265,PB28-3981,Kurukshetra,Panipat,85,2.02,115.55
STR1266,PB14-5208,Bathinda,Moga,70,1.67,99.37
STR1267,PB69-9629,Rajpura,Ambala,35,0.83,45.72
STR1268,PB25-5670,Faridkot,Bathinda,65,1.48,93.0
STR1269,PB88-7066,Kurukshetra,Panipat,85,1.73,112.24
STR1270,PB86-8006,Sonipat,Delhi,45,0.85,65.96
STR1271,PB78-6426,Ludhiana,Chandigarh,100,1.82,141.83
STR1272,PB44-8395,Karnal,Delhi,125,2.98,179.74
STR1273,PB29-7660,Bathinda,Moga,70,1.37,99.18
STR1274,PB98-5603,Kurukshetra,Panipat,85,2.02,126.16
STR1275,PB82-8101,Chandigarh,Kurukshetra,95,2.07,127.23
STR1276,PB43-8244,Karnal,Delhi,125,2.4,176.77
STR1277,PB63-3888,Ropar,Chandigarh,45,1.07,69.24
STR1278,PB42-5689,Chandigarh,Kurukshetra,95,1.76,144.15
STR1279,PB99-9043,Bathinda,Moga,70,1.49,93.38
STR1280,PB48-8715,Ropar,Chandigarh,45,1.05,69.43
STR1281,PB18-5716,Ludhiana,Chandigarh,100,2.17,152.16
STR1282,PB67-2356,Ludhiana,Chandigarh,100,2.13,156.72
STR1283,PB50-8116,Bathinda,Moga,70,1.32,101.75
STR1284,PB55-7984,Ludhiana,Chandigarh,100,2.08,138.69
STR1285,PB14-2587,Ropar,Chandigarh,45,0.9,59.15
STR1286,PB65-3589,Rajpura,Ambala,35,0.83,53.93
STR1287,PB26-3741,Zirakpur,Ambala,35,0.74,54.14
STR1288,PB97-8017,Jalandhar,Ludhiana,60,1.3,92.75
STR1289,PB78-1898,Karnal,Delhi,125,2.78,168.82
STR1290,PB13-5266,Ropar,Chandigarh,45,0.87,70.89
STR1291,PB22-1543,Rajpura,Ambala,35,0.64,50.61
STR1292,PB77-4162,Faridkot,Bathinda,65,1.44,102.17
STR1293,PB84-6489,Bathinda,Moga,70,1.3,110.03
STR1294,PB56-1320,Amritsar,Jalandhar,80,1.74,117.71
STR1295,PB36-9787,Amritsar,Jalandhar,80,1.6,116.99
STR1296,PB66-4135,Bathinda,Moga,70,1.52,102.33
STR1297,PB77-5887,Bathinda,Moga,70,1.35,109.46
STR1298,PB87-7722,Chandigarh,Zirakpur,15,0.32,21.42
STR1299,PB69-2286,Panipat,Sonipat,55,1.17,81.3
STR1300,PB72-5617,Ludhiana,Chandigarh,100,2.38,154.25
STR1301,PB50-6824,Chandigarh,Kurukshetra,95,1.9,142.76
STR1302,PB46-9249,Bathinda,Moga,70,1.46,100.99
STR1303,PB49-7998,Panipat,Sonipat,55,1.0,77.24
STR1304,PB55-5857,Ferozepur,Faridkot,45,0.96,62.38
STR1305,PB62-2213,Kurukshetra,Panipat,85,1.6,125.17
STR1306,PB44-8713,Bathinda,Moga,70,1.3,109.51
STR1307,PB61-8266,Ropar,Chandigarh,45,1.07,63.8
STR1308,PB34-4091,Rajpura,Ambala,35,0.7,53.9
STR1309,PB73-2903,Zirakpur,Ambala,35,0.69,49.77
STR1310,PB22-4756,Karnal,Delhi,125,2.78,175.92
STR1311,PB15-5117,Moga,Ludhiana,70,1.43,105.15
STR1312,PB12-6887,Bathinda,Moga,70,1.43,107.17
STR1313,PB15-3173,Zirakpur,Ambala,35,0.66,50.4
STR1314,PB12-5038,Chandigarh,Zirakpur,15,0.28,22.71
STR1315,PB51-9707,Ropar,Chandigarh,45,0.94,60.81
STR1316,PB30-1129,Karnal,Delhi,125,2.55,188.62
STR1317,PB58-2499,Karnal,Delhi,125,2.5,173.43
STR1318,PB95-9882,Patiala,Rajpura,25,0.56,35.34
STR1319,PB37-6689,Ambala,Delhi,200,3.85,273.13
STR1320,PB60-6606,Chandigarh,Ambala,45,0.98,66.61
STR1321,PB44-7856,Bathinda,Moga,70,1.49,102.89
STR1322,PB21-2395,Ambala,Karnal,75,1.53,104.98
STR1323,PB84-8534,Kurukshetra,Panipat,85,1.77,122.0
STR1324,PB64-8467,Patiala,Rajpura,25,0.47,39.35
STR1325,PB26-1543,Bathinda,Moga,70,1.35,106.78
STR1326,PB70-9627,Kurukshetra,Panipat,85,1.93,124.64
STR1327,PB29-1553,Chandigarh,Ambala,45,0.85,65.06
STR1328,PB64-7673,Chandigarh,Zirakpur,15,0.34,23.1
STR1329,PB41-9708,Rajpura,Ambala,35,0.78,46.03
STR1330,PB55-4436,Amritsar,Jalandhar,80,1.51,125.77
STR1331,PB77-4128,Chandigarh,Ambala,45,0.9,67.64
STR1332,PB87-1329,Patiala,Rajpura,25,0.53,35.08
STR1333,PB25-1500,Bathinda,Moga,70,1.43,105.38
STR1334,PB35-5015,Bathinda,Moga,70,1.32,96.5
STR1335,PB41-7938,Chandigarh,Zirakpur,15,0.29,21.12
STR1336,PB36-2190,Kurukshetra,Panipat,85,1.93,132.1
STR1337,PB27-7140,Faridkot,Bathinda,65,1.18,93.5
STR1338,PB25-8986,Rajpura,Ambala,35,0.74,48.69
STR1339,PB24-2203,Ludhiana,Chandigarh,100,2.0,140.29
STR1340,PB57-8898,Moga,Ludhiana,70,1.43,95.93
STR1341,PB28-6350,Ambala,Karnal,75,1.5,108.08
STR1342,PB22-1787,Jalandhar,Ludhiana,60,1.43,91.18
STR1343,PB39-5899,Chandigarh,Zirakpur,15,0.31,21.03
STR1344,PB52-5447,Ambala,Karnal,75,1.36,108.68
STR1345,PB92-9789,Ambala,Delhi,200,3.92,299.55
STR1346,PB79-5966,Ludhiana,Chandigarh,100,2.22,140.4
STR1347,PB10-9612,Patiala,Rajpura,25,0.51,33.75
STR1348,PB85-3214,Amritsar,Jalandhar,80,1.48,115.78
STR1349,PB63-2542,Chandigarh,Kurukshetra,95,1.83,128.78
STR1350,PB21-7225,Chandigarh,Ambala,45,0.96,63.82
STR1351,PB25-1440,Ludhiana,Chandigarh,100,2.33,151.23
STR1352,PB64-3628,Kurukshetra,Panipat,85,1.89,130.9
STR1353,PB29-4593,Bathinda,Moga,70,1.52,98.01
STR1354,PB15-8404,Ludhiana,Chandigarh,100,1.85,159.69
STR1355,PB25-1223,Ambala,Karnal,75,1.67,108.14
STR1356,PB64-8580,Ropar,Chandigarh,45,0.83,59.73
STR1357,PB85-9843,Ambala,Delhi,200,4.0,286.06
STR1358,PB39-4219,Chandigarh,Ambala,45,0.92,59.37
STR1359,PB82-1084,Ropar,Chandigarh,45,0.9,62.35
STR1360,PB64-8142,Chandigarh,Ambala,45,0.94,61.31
STR1361,PB26-1861,Patiala,Rajpura,25,0.49,37.77
STR1362,PB97-5315,Patiala,Rajpura,25,0.53,33.46
STR1363,PB83-5113,Sonipat,Delhi,45,1.0,66.32
STR1364,PB68-6440,Chandigarh,Zirakpur,15,0.34,23.81
STR1365,PB74-5203,Karnal,Delhi,125,2.66,186.29
STR1366,PB39-2480,Ropar,Chandigarh,45,0.82,63.99
STR1367,PB95-7398,Amritsar,Jalandhar,80,1.45,118.64
STR1368,PB95-4309,Moga,Ludhiana,70,1.52,93.51
STR1369,PB95-9385,Sonipat,Delhi,45,0.98,71.53
STR1370,PB45-7202,Moga,Ludhiana,70,1.32,110.46
STR1371,PB64-5557,Chandigarh,Kurukshetra,95,2.16,140.62
STR1372,PB10-3879,Ropar,Chandigarh,45,0.96,62.73
STR1373,PB69-1489,Chandigarh,Zirakpur,15,0.34,20.2
STR1374,PB12-3037,Bathinda,Moga,70,1.27,96.77
STR1375,PB78-4035,Jalandhar,Ludhiana,60,1.4,83.83
STR1376,PB57-1595,Ropar,Chandigarh,45,0.9,65.62
STR1377,PB63-3570,Kurukshetra,Panipat,85,1.77,125.47
STR1378,PB14-4808,Sonipat,Delhi,45,0.83,64.83
STR1379,PB60-4480,Zirakpur,Ambala,35,0.73,47.05
STR1380,PB66-8045,Ludhiana,Chandigarh,100,1.96,134.73
STR1381,PB16-2139,Zirakpur,Ambala,35,0.73,55.7
STR1382,PB72-3385,Sonipat,Delhi,45,1.07,60.21
STR1383,PB51-6415,Ludhiana,Chandigarh,100,2.22,140.73
STR1384,PB53-1022,Bathinda,Moga,70,1.43,99.02
STR1385,PB87-6064,Sonipat,Delhi,45,0.94,58.93
STR1386,PB14-7483,Ludhiana,Chandigarh,100,2.17,130.51
STR1387,PB95-3150,Moga,Ludhiana,70,1.52,108.96
STR1388,PB42-5978,Faridkot,Bathinda,65,1.27,94.94
STR1389,PB79-5365,Patiala,Rajpura,25,0.56,39.85
STR1390,PB91-6757,Ambala,Karnal,75,1.56,113.03
STR1391,PB10-7130,Ferozepur,Faridkot,45,0.96,63.53
STR1392,PB85-8925,Ludhiana,Chandigarh,100,1.85,147.35
STR1393,PB63-4626,Ludhiana,Chandigarh,100,1.85,157.96
STR1394,PB33-7045,Ludhiana,Chandigarh,100,2.27,135.68
STR1395,PB99-1705,Moga,Ludhiana,70,1.67,99.68
STR1396,PB13-6643,Panipat,Sonipat,55,1.2,80.51
STR1397,PB70-6119,Rajpura,Ambala,35,0.83,47.63
STR1398,PB90-1672,Ambala,Karnal,75,1.44,115.5
STR1399,PB71-4795,Panipat,Sonipat,55,1.25,78.04
STR1400,PB61-3573,Ferozepur,Faridkot,45,0.9,64.87
STR1401,PB35-9319,Patiala,Rajpura,25,0.49,35.31
STR1402,PB32-1474,Ambala,Karnal,75,1.36,108.26
STR1403,PB27-2369,Ropar,Chandigarh,45,0.88,69.05
STR1404,PB59-5888,Chandigarh,Zirakpur,15,0.29,21.3
STR1405,PB47-1092,Moga,Ludhiana,70,1.32,109.9
STR1406,PB94-7732,Chandigarh,Kurukshetra,95,1.98,131.96
STR1407,PB34-4475,Sonipat,Delhi,45,0.82,68.21
STR1408,PB38-8902,Panipat,Sonipat,55,1.0,72.84
STR1409,PB31-4651,Ferozepur,Faridkot,45,1.02,59.08
STR1410,PB54-2877,Chandigarh,Ambala,45,0.94,62.07
STR1411,PB13-7668,Ferozepur,Faridkot,45,0.85,63.4
STR1412,PB80-3367,Ludhiana,Chandigarh,100,2.27,155.41
STR1413,PB51-2562,Amritsar,Jalandhar,80,1.45,110.84
STR1414,PB61-2043,Bathinda,Moga,70,1.32,95.12
STR1415,PB74-3382,Rajpura,Ambala,35,0.8,54.77
STR1416,PB60-5963,Bathinda,Moga,70,1.56,102.35
STR1417,PB97-8256,Ludhiana,Chandigarh,100,2.17,159.88
STR1418,PB38-1518,Zirakpur,Ambala,35,0.7,54.07
STR1419,PB92-3196,Kurukshetra,Panipat,85,1.93,134.35
STR1420,PB91-4223,Ludhiana,Chandigarh,100,2.33,131.77
STR1421,PB28-7589,Chandigarh,Zirakpur,15,0.28,20.56
STR1422,PB39-3579,Chandigarh,Ambala,45,1.02,69.65
STR1423,PB80-1301,Chandigarh,Ambala,45,0.88,69.05
STR1424,PB45-4321,Moga,Ludhiana,70,1.67,103.61
STR1425,PB83-3073,Ambala,Karnal,75,1.53,119.38
STR1426,PB74-1383,Ferozepur,Faridkot,45,0.88,64.55
STR1427,PB28-4354,Moga,Ludhiana,70,1.27,105.03
STR1428,PB67-5487,Zirakpur,Ambala,35,0.66,53.46
STR1429,PB64-3349,Chandigarh,Ambala,45,0.94,70.25
STR1430,PB30-3601,Bathinda,Moga,70,1.4,95.14
STR1431,PB35-7609,Zirakpur,Ambala,35,0.65,54.36
STR1432,PB40-1730,Rajpura,Ambala,35,0.78,48.5
STR1433,PB37-1877,Patiala,Rajpura,25,0.58,35.8
STR1434,PB67-2287,Chandigarh,Zirakpur,15,0.28,19.61
STR1435,PB98-8817,Amritsar,Jalandhar,80,1.67,109.61
STR1436,PB77-3154,Faridkot,Bathinda,65,1.51,92.72
STR1437,PB93-9103,Faridkot,Bathinda,65,1.44,100.37
STR1438,PB52-6081,Ambala,Delhi,200,3.7,299.82
STR1439,PB48-6870,Zirakpur,Ambala,35,0.76,55.09
STR1440,PB78-3695,Chandigarh,Zirakpur,15,0.29,22.34
STR1441,PB11-2730,Chandigarh,Kurukshetra,95,2.07,134.06
STR1442,PB74-6436,Kurukshetra,Panipat,85,1.73,127.69
STR1443,PB69-1193,Kurukshetra,Panipat,85,1.7,118.25
STR1444,PB33-1808,Ludhiana,Chandigarh,100,2.17,156.59
STR1445,PB23-2536,Bathinda,Moga,70,1.32,100.71
STR1446,PB49-5793,Kurukshetra,Panipat,85,1.67,131.35
STR1447,PB18-3841,Ambala,Delhi,200,4.26,302.66
STR1448,PB76-8009,Chandigarh,Kurukshetra,95,1.73,141.12
STR1449,PB50-1000,Panipat,Sonipat,55,1.1,72.67
STR1450,PB19-9865,Ludhiana,Chandigarh,100,1.82,135.86
STR1451,PB21-4378,Panipat,Sonipat,55,1.04,82.85
STR1452,PB14-9237,Bathinda,Moga,70,1.63,93.38
STR1453,PB74-4848,Kurukshetra,Panipat,85,2.02,120.89
STR1454,PB83-9177,Panipat,Sonipat,55,1.02,73.76
STR1455,PB19-4066,Ludhiana,Chandigarh,100,2.27,148.63
STR1456,PB37-3854,Bathinda,Moga,70,1.59,105.46
STR1457,PB44-7017,Ferozepur,Faridkot,45,0.98,70.42
STR1458,PB93-9729,Jalandhar,Ludhiana,60,1.15,91.39
STR1459,PB10-4449,Kurukshetra,Panipat,85,1.57,130.04
STR1460,PB28-4862,Ropar,Chandigarh,45,0.96,66.89
STR1461,PB63-2683,Ambala,Delhi,200,4.44,291.16
STR1462,PB71-7013,Faridkot,Bathinda,65,1.33,87.36
STR1463,PB38-6721,Rajpura,Ambala,35,0.67,49.23
STR1464,PB95-1223,Moga,Ludhiana,70,1.3,106.15
STR1465,PB42-9357,Jalandhar,Ludhiana,60,1.15,78.02
STR1466,PB83-5387,Ludhiana,Chandigarh,100,1.82,135.72
STR1467,PB59-8906,Chandigarh,Zirakpur,15,0.33,20.57
STR1468,PB62-7877,Ambala,Karnal,75,1.7,101.9
STR1469,PB83-4279,Kurukshetra,Panipat,85,1.89,125.92
STR1470,PB35-9404,Karnal,Delhi,125,2.91,165.52
STR1471,PB15-3997,Chandigarh,Ambala,45,1.05,70.77
STR1472,PB61-2335,Chandigarh,Ambala,45,0.94,66.16
STR1473,PB20-4114,Patiala,Rajpura,25,0.51,32.54
STR1474,PB67-7627,Chandigarh,Zirakpur,15,0.29,22.7
STR1475,PB20-5218,Ludhiana,Chandigarh,100,1.89,146.21
STR1476,PB56-9703,Ludhiana,Chandigarh,100,2.22,130.84
STR1477,PB56-9909,Chandigarh,Ambala,45,0.85,67.42
STR1478,PB36-1134,Ludhiana,Chandigarh,100,1.92,142.3
STR1479,PB39-9628,Sonipat,Delhi,45,1.02,62.6
STR1480,PB36-4112,Sonipat,Delhi,45,1.02,70.82
STR1481,PB56-6768,Zirakpur,Ambala,35,0.71,48.63
STR1482,PB66-6769,Chandigarh,Zirakpur,15,0.33,23.3
STR1483,PB41-8411,Chandigarh,Zirakpur,15,0.31,23.37
STR1484,PB31-3802,Panipat,Sonipat,55,1.1,75.88
STR1485,PB54-9875,Panipat,Sonipat,55,1.28,79.12
STR1486,PB55-2754,Chandigarh,Ambala,45,0.94,66.41
STR1487,PB29-3562,Ludhiana,Chandigarh,100,2.22,142.41
STR1488,PB28-2512,Ambala,Delhi,200,4.76,314.06
STR1489,PB60-4579,Bathinda,Moga,70,1.32,109.29
STR1490,PB55-5370,Zirakpur,Ambala,35,0.83,48.78
STR1491,PB32-3916,Panipat,Sonipat,55,1.31,79.05
STR1492,PB32-6616,Ferozepur,Faridkot,45,1.0,69.52
STR1493,PB64-1179,Ropar,Chandigarh,45,0.94,60.65
STR1494,PB42-3324,Sonipat,Delhi,45,1.05,60.51
STR1495,PB59-7777,Jalandhar,Ludhiana,60,1.25,89.59
STR1496,PB38-9662,Ludhiana,Chandigarh,100,2.08,130.62
STR1497,PB89-7628,Zirakpur,Ambala,35,0.8,54.95
STR1498,PB61-2571,Zirakpur,Ambala,35,0.78,50.35
STR1499,PB77-4659,Moga,Ludhiana,70,1.35,96.43
STR1500,PB12-5147,Ludhiana,Chandigarh,100,2.38,145.06
STR1501,PB27-2846,Moga,Ludhiana,70,1.4,111.83
STR1502,PB37-7439,Panipat,Sonipat,55,1.15,83.38
STR1503,PB59-4430,Zirakpur,Ambala,35,0.66,51.54
STR1504,PB95-7794,Chandigarh,Ambala,45,1.02,63.09
STR1505,PB26-2620,Chandigarh,Zirakpur,15,0.28,22.88
STR1506,PB75-2349,Chandigarh,Kurukshetra,95,2.21,151.34
STR1507,PB50-3442,Karnal,Delhi,125,2.91,176.82
STR1508,PB33-6205,Panipat,Sonipat,55,1.04,80.67
STR1509,PB63-9385,Karnal,Delhi,125,2.4,170.37
STR1510,PB90-2196,Sonipat,Delhi,45,0.82,67.41
STR1511,PB89-7978,Moga,Ludhiana,70,1.35,95.41
STR1512,PB41-5266,Rajpura,Ambala,35,0.73,54.4
STR1513,PB61-1814,Chandigarh,Zirakpur,15,0.28,22.01
STR1514,PB86-4155,Amritsar,Jalandhar,80,1.6,125.47
STR1515,PB77-5452,Moga,Ludhiana,70,1.35,111.32
STR1516,PB97-1120,Panipat,Sonipat,55,1.28,79.53
STR1517,PB92-9483,Ferozepur,Faridkot,45,1.02,71.69
STR1518,PB68-9400,Jalandhar,Ludhiana,60,1.4,87.68
STR1519,PB27-1974,Jalandhar,Ludhiana,60,1.15,94.17
STR1520,PB86-7235,Karnal,Delhi,125,2.84,174.72
STR1521,PB55-1157,Kurukshetra,Panipat,85,1.85,128.12
STR1522,PB60-5837,Bathinda,Moga,70,1.59,100.3
STR1523,PB94-7450,Chandigarh,Zirakpur,15,0.27,23.41
STR1524,PB37-4052,Jalandhar,Ludhiana,60,1.36,81.1
STR1525,PB64-3772,Ambala,Delhi,200,3.7,290.52
STR1526,PB75-7540,Ludhiana,Chandigarh,100,2.08,155.7
STR1527,PB59-7362,Ambala,Karnal,75,1.53,97.99
STR1528,PB84-8371,Patiala,Rajpura,25,0.52,35.15
STR1529,PB77-5498,Rajpura,Ambala,35,0.64,47.21
STR1530,PB96-4618,Zirakpur,Ambala,35,0.66,50.95
STR1531,PB70-9941,Ambala,Karnal,75,1.56,102.67
STR1532,PB77-9070,Chandigarh,Zirakpur,15,0.31,21.82
STR1533,PB94-2231,Rajpura,Ambala,35,0.73,52.46
STR1534,PB69-7492,Karnal,Delhi,125,2.55,168.19
STR1535,PB26-9448,Panipat,Sonipat,55,1.31,81.59
STR1536,PB91-4397,Panipat,Sonipat,55,1.0,87.67
STR1537,PB85-5899,Panipat,Sonipat,55,1.12,86.81
STR1538,PB44-8013,Amritsar,Jalandhar,80,1.6,112.82
STR1539,PB42-5594,Sonipat,Delhi,45,0.92,61.96
STR1540,PB13-2593,Ferozepur,Faridkot,45,0.87,64.71
STR1541,PB10-1892,Bathinda,Moga,70,1.67,98.41
STR1542,PB37-8240,Ferozepur,Faridkot,45,0.92,60.59
STR1543,PB43-9667,Sonipat,Delhi,45,0.98,63.06
STR1544,PB62-8273,Rajpura,Ambala,35,0.73,48.49
STR1545,PB38-6358,Ambala,Karnal,75,1.5,115.99
STR1546,PB81-2201,Faridkot,Bathinda,65,1.38,91.25
STR1547,PB19-6458,Bathinda,Moga,70,1.27,91.67
STR1548,PB72-1335,Jalandhar,Ludhiana,60,1.36,91.62
STR1549,PB51-2660,Ropar,Chandigarh,45,0.98,65.96
STR1550,PB73-3964,Karnal,Delhi,125,2.84,168.17
STR1551,PB15-9240,Zirakpur,Ambala,35,0.73,55.11
STR1552,PB52-8603,Ferozepur,Faridkot,45,0.96,60.41
STR1553,PB71-6907,Ambala,Karnal,75,1.47,117.51
STR1554,PB95-4195,Ropar,Chandigarh,45,0.9,61.05
STR1555,PB26-4180,Faridkot,Bathinda,65,1.38,91.31
STR1556,PB93-2089,Ropar,Chandigarh,45,0.85,66.59
STR1557,PB99-7849,Faridkot,Bathinda,65,1.25,87.0
STR1558,PB65-8030,Chandigarh,Kurukshetra,95,1.79,138.53
STR1559,PB78-5035,Panipat,Sonipat,55,1.0,73.37
STR1560,PB45-5643,Kurukshetra,Panipat,85,1.7,123.1
STR1561,PB23-4366,Chandigarh,Kurukshetra,95,2.16,142.18
STR1562,PB47-2307,Bathinda,Moga,70,1.46,93.73
STR1563,PB17-9397,Chandigarh,Zirakpur,15,0.36,22.71
STR1564,PB29-7999,Bathinda,Moga,70,1.37,110.97
STR1565,PB25-8745,Ambala,Karnal,75,1.44,118.03
STR1566,PB43-4236,Patiala,Rajpura,25,0.52,35.48
STR1567,PB41-4377,Jalandhar,Ludhiana,60,1.36,95.66
STR1568,PB33-5553,Karnal,Delhi,125,2.4,177.14
STR1569,PB94-1246,Rajpura,Ambala,35,0.74,53.76
STR1570,PB87-5417,Ropar,Chandigarh,45,0.94,67.46
STR1571,PB77-3419,Amritsar,Jalandhar,80,1.48,125.32
STR1572,PB35-9119,Chandigarh,Kurukshetra,95,1.9,135.18
STR1573,PB98-9642,Faridkot,Bathinda,65,1.51,102.68
STR1574,PB50-6247,Ferozepur,Faridkot,45,0.98,61.0
STR1575,PB91-1264,Bathinda,Moga,70,1.49,100.23
STR1576,PB89-9086,Karnal,Delhi,125,2.45,190.28
STR1577,PB64-7463,Chandigarh,Zirakpur,15,0.34,23.31
STR1578,PB75-1821,Jalandhar,Ludhiana,60,1.15,87.37
STR1579,PB33-1410,Moga,Ludhiana,70,1.52,92.27
STR1580,PB83-8285,Ludhiana,Chandigarh,100,2.13,157.27
STR1581,PB75-4835,Ambala,Karnal,75,1.39,110.0
STR1582,PB12-9994,Bathinda,Moga,70,1.49,111.33
STR1583,PB41-4126,Panipat,Sonipat,55,1.2,80.15
STR1584,PB67-3619,Ludhiana,Chandigarh,100,1.85,135.27
STR1585,PB89-3405,Chandigarh,Ambala,45,0.85,71.2
STR1586,PB73-1592,Chandigarh,Zirakpur,15,0.33,21.15
STR1587,PB84-2964,Ludhiana,Chandigarh,100,1.85,151.24
STR1588,PB41-2396,Karnal,Delhi,125,2.36,191.62
STR1589,PB48-2554,Patiala,Rajpura,25,0.53,36.2
STR1590,PB73-7801,Ludhiana,Chandigarh,100,2.0,146.24
STR1591,PB11-8349,Ropar,Chandigarh,45,0.94,68.97
STR1592,PB13-6001,Ropar,Chandigarh,45,0.9,66.27
STR1593,PB80-7893,Chandigarh,Ambala,45,1.05,58.89
STR1594,PB79-4108,Faridkot,Bathinda,65,1.3,95.28
STR1595,PB32-2317,Ambala,Karnal,75,1.47,97.76
STR1596,PB42-3707,Bathinda,Moga,70,1.46,110.78
STR1597,PB80-2208,Sonipat,Delhi,45,1.07,59.14
STR1598,PB83-2142,Chandigarh,Ambala,45,0.98,59.14
STR1599,PB80-3532,Chandigarh,Kurukshetra,95,1.94,125.15
STR1600,PB94-3452,Ludhiana,Chandigarh,100,2.04,142.91
STR1601,PB64-8004,Moga,Ludhiana,70,1.46,91.2
STR1602,PB38-9131,Jalandhar,Ludhiana,60,1.36,78.84
STR1603,PB94-9740,Ropar,Chandigarh,45,0.85,65.72
STR1604,PB51-5030,Moga,Ludhiana,70,1.49,93.21
STR1605,PB25-2660,Ludhiana,Chandigarh,100,1.96,132.32
STR1606,PB91-8682,Jalandhar,Ludhiana,60,1.25,78.35
STR1607,PB54-4513,Patiala,Rajpura,25,0.5,39.81
STR1608,PB10-8868,Ambala,Karnal,75,1.56,100.74
STR1609,PB59-5540,Rajpura,Ambala,35,0.71,55.38
STR1610,PB70-3123,Zirakpur,Ambala,35,0.65,47.63
STR1611,PB36-9584,Ambala,Delhi,200,3.92,280.98
STR1612,PB56-4965,Chandigarh,Zirakpur,15,0.28,19.73
STR1613,PB48-5048,Rajpura,Ambala,35,0.73,55.6
STR1614,PB98-3811,Chandigarh,Kurukshetra,95,1.9,131.39
STR1615,PB17-7970,Jalandhar,Ludhiana,60,1.22,81.76
STR1616,PB41-3445,Faridkot,Bathinda,65,1.25,100.68
STR1617,PB14-9346,Ropar,Chandigarh,45,1.02,61.49
STR1618,PB79-7374,Sonipat,Delhi,45,0.98,69.34
STR1619,PB53-7769,Moga,Ludhiana,70,1.35,94.46
STR1620,PB96-8389,Moga,Ludhiana,70,1.63,102.28
STR1621,PB66-2108,Moga,Ludhiana,70,1.49,111.96
STR1622,PB67-6960,Ferozepur,Faridkot,45,1.02,61.88
STR1623,PB42-8073,Chandigarh,Zirakpur,15,0.29,22.06
STR1624,PB18-2918,Ludhiana,Chandigarh,100,1.92,131.39
STR1625,PB31-4433,Zirakpur,Ambala,35,0.78,53.64
STR1626,PB70-3028,Bathinda,Moga,70,1.3,104.63
STR1627,PB29-1070,Chandigarh,Zirakpur,15,0.33,20.0
STR1628,PB68-1006,Ferozepur,Faridkot,45,0.87,69.19
STR1629,PB87-8617,Patiala,Rajpura,25,0.45,35.87
STR1630,PB18-1490,Moga,Ludhiana,70,1.3,101.36
STR1631,PB34-8203,Faridkot,Bathinda,65,1.48,95.53
STR1632,PB26-7245,Kurukshetra,Panipat,85,1.63,131.41
STR1633,PB59-9031,Chandigarh,Ambala,45,0.98,59.48
STR1634,PB69-8231,Ropar,Chandigarh,45,0.92,60.84
STR1635,PB84-6120,Ludhiana,Chandigarh,100,2.04,142.69
STR1636,PB48-3833,Rajpura,Ambala,35,0.76,55.33
STR1637,PB60-3179,Jalandhar,Ludhiana,60,1.15,79.01
STR1638,PB19-1298,Patiala,Rajpura,25,0.56,33.11
STR1639,PB21-5049,Chandigarh,Zirakpur,15,0.31,21.22
STR1640,PB26-8110,Jalandhar,Ludhiana,60,1.36,79.21
STR1641,PB22-1675,Bathinda,Moga,70,1.52,110.09
STR1642,PB93-8247,Zirakpur,Ambala,35,0.64,46.07
STR1643,PB81-5990,Sonipat,Delhi,45,1.0,63.04
STR1644,PB15-9774,Ropar,Chandigarh,45,0.87,70.46
STR1645,PB56-3364,Bathinda,Moga,70,1.3,105.69
STR1646,PB26-1435,Bathinda,Moga,70,1.46,106.26
STR1647,PB29-4074,Rajpura,Ambala,35,0.67,51.41
STR1648,PB32-4190,Amritsar,Jalandhar,80,1.51,126.1
STR1649,PB72-8513,Zirakpur,Ambala,35,0.74,45.86
STR1650,PB85-2300,Sonipat,Delhi,45,0.83,70.79
STR1651,PB72-3607,Patiala,Rajpura,25,0.5,37.69
STR1652,PB13-3588,Zirakpur,Ambala,35,0.69,53.69
STR1653,PB87-6343,Ferozepur,Faridkot,45,1.07,67.24
STR1654,PB56-6615,Faridkot,Bathinda,65,1.41,88.52
STR1655,PB63-1435,Ferozepur,Faridkot,45,0.96,67.08
STR1656,PB53-5901,Faridkot,Bathinda,65,1.23,91.76
STR1657,PB46-2383,Bathinda,Moga,70,1.59,94.71
STR1658,PB42-8967,Rajpura,Ambala,35,0.65,51.02
STR1659,PB54-1843,Bathinda,Moga,70,1.4,110.68
STR1660,PB27-5932,Moga,Ludhiana,70,1.43,110.21
STR1661,PB47-7034,Sonipat,Delhi,45,0.83,59.65
STR1662,PB80-1215,Chandigarh,Zirakpur,15,0.29,20.79
STR1663,PB68-8278,Rajpura,Ambala,35,0.81,53.21
STR1664,PB76-7694,Bathinda,Moga,70,1.63,101.93
STR1665,PB45-5457,Ambala,Karnal,75,1.67,98.7
STR1666,PB94-2656,Bathinda,Moga,70,1.43,105.4
STR1667,PB90-7876,Ropar,Chandigarh,45,0.92,69.61
STR1668,PB80-1664,Sonipat,Delhi,45,0.94,59.71
STR1669,PB94-1268,Sonipat,Delhi,45,0.94,70.7
STR1670,PB61-5530,Zirakpur,Ambala,35,0.73,47.95
STR1671,PB80-7150,Karnal,Delhi,125,2.55,187.06
STR1672,PB98-3379,Ludhiana,Chandigarh,100,2.08,142.19
STR1673,PB95-3764,Chandigarh,Zirakpur,15,0.3,21.42
STR1674,PB13-5417,Patiala,Rajpura,25,0.52,35.48
STR1675,PB47-4532,Zirakpur,Ambala,35,0.64,55.02
STR1676,PB25-4684,Sonipat,Delhi,45,0.82,68.82
STR1677,PB25-6312,Faridkot,Bathinda,65,1.27,100.07
STR1678,PB65-1686,Chandigarh,Kurukshetra,95,2.26,128.94
STR1679,PB34-7882,Jalandhar,Ludhiana,60,1.25,82.09
STR1680,PB21-9942,Zirakpur,Ambala,35,0.66,46.48
STR1681,PB97-6160,Ludhiana,Chandigarh,100,2.17,153.49
STR1682,PB92-8834,Ludhiana,Chandigarh,100,2.08,144.13
STR1683,PB90-7196,Patiala,Rajpura,25,0.52,32.65
STR1684,PB68-4664,Panipat,Sonipat,55,1.25,77.73
STR1685,PB57-6126,Bathinda,Moga,70,1.63,105.81
STR1686,PB92-1598,Kurukshetra,Panipat,85,1.98,126.85
STR1687,PB79-6450,Chandigarh,Kurukshetra,95,2.21,132.25
STR1688,PB67-6658,Zirakpur,Ambala,35,0.7,49.73
STR1689,PB52-5737,Chandigarh,Ambala,45,0.98,63.33
STR1690,PB95-7474,Sonipat,Delhi,45,0.88,65.03
STR1691,PB91-5505,Ambala,Karnal,75,1.42,112.83
STR1692,PB68-7587,Moga,Ludhiana,70,1.63,107.94
STR1693,PB92-3385,Karnal,Delhi,125,2.45,180.62
STR1694,PB33-2005,Karnal,Delhi,125,2.78,178.14
STR1695,PB23-3819,Moga,Ludhiana,70,1.43,111.7
STR1696,PB56-2647,Sonipat,Delhi,45,0.87,65.11
STR1697,PB62-8014,Moga,Ludhiana,70,1.27,99.33
STR1698,PB88-2210,Ropar,Chandigarh,45,1.05,67.17
STR1699,PB28-7574,Chandigarh,Zirakpur,15,0.28,20.18
STR1700,PB54-3749,Karnal,Delhi,125,2.5,183.42
STR1701,PB71-6700,Zirakpur,Ambala,35,0.7,52.06
STR1702,PB77-2316,Chandigarh,Kurukshetra,95,1.94,150.68
STR1703,PB49-2324,Faridkot,Bathinda,65,1.38,88.42
STR1704,PB47-6217,Patiala,Rajpura,25,0.54,33.21
STR1705,PB90-9328,Bathinda,Moga,70,1.56,101.37
STR1706,PB61-1547,Patiala,Rajpura,25,0.51,33.41
STR1707,PB18-7288,Ludhiana,Chandigarh,100,2.27,137.03
STR1708,PB88-1000,Ferozepur,Faridkot,45,1.05,70.52
STR1709,PB98-9839,Ambala,Karnal,75,1.39,112.31
STR1710,PB92-3213,Bathinda,Moga,70,1.43,107.62
STR1711,PB56-8077,Moga,Ludhiana,70,1.63,99.43
STR1712,PB83-6482,Ferozepur,Faridkot,45,0.87,68.42
STR1713,PB52-2709,Bathinda,Moga,70,1.46,94.34
STR1714,PB44-1381,Kurukshetra,Panipat,85,1.6,131.92
STR1715,PB61-4927,Patiala,Rajpura,25,0.49,35.03
STR1716,PB23-4156,Karnal,Delhi,125,2.4,184.33
STR1717,PB78-1407,Amritsar,Jalandhar,80,1.82,121.64
STR1718,PB94-6992,Ambala,Delhi,200,4.55,265.11
STR1719,PB90-9202,Chandigarh,Zirakpur,15,0.36,20.27
STR1720,PB56-2996,Sonipat,Delhi,45,0.96,71.5
STR1721,PB73-1430,Chandigarh,Kurukshetra,95,2.11,125.08
STR1722,PB59-5601,Chandigarh,Ambala,45,0.9,64.64
STR1723,PB80-7511,Patiala,Rajpura,25,0.48,32.57
STR1724,PB96-7099,Ambala,Delhi,200,3.77,297.62
STR1725,PB72-6242,Karnal,Delhi,125,2.84,197.63
STR1726,PB29-4120,Chandigarh,Ambala,45,1.02,64.33
STR1727,PB31-7394,Rajpura,Ambala,35,0.81,54.79
STR1728,PB28-4443,Kurukshetra,Panipat,85,1.55,130.06
STR1729,PB19-2781,Ropar,Chandigarh,45,0.83,61.2
STR1730,PB44-5420,Rajpura,Ambala,35,0.67,51.0
STR1731,PB69-9510,Faridkot,Bathinda,65,1.55,90.92
STR1732,PB97-9582,Ferozepur,Faridkot,45,1.0,66.41
STR1733,PB24-3672,Kurukshetra,Panipat,85,1.98,120.77
STR1734,PB97-7111,Chandigarh,Ambala,45,0.83,69.54
STR1735,PB62-7243,Ferozepur,Faridkot,45,0.94,67.78
STR1736,PB36-9498,Ambala,Delhi,200,4.26,260.68
STR1737,PB38-2669,Amritsar,Jalandhar,80,1.54,108.93
STR1738,PB12-4327,Chandigarh,Zirakpur,15,0.36,20.29
STR1739,PB11-5610,Ropar,Chandigarh,45,0.88,67.97
STR1740,PB59-9525,Ferozepur,Faridkot,45,0.9,68.82
STR1741,PB20-1468,Rajpura,Ambala,35,0.66,47.2
STR1742,PB31-2300,Chandigarh,Kurukshetra,95,1.79,134.88
STR1743,PB10-7816,Faridkot,Bathinda,65,1.51,102.26
STR1744,PB25-6076,Bathinda,Moga,70,1.52,107.64
STR1745,PB15-3284,Ambala,Delhi,200,3.92,265.31
STR1746,PB92-4456,Karnal,Delhi,125,2.66,179.72
STR1747,PB22-8327,Zirakpur,Ambala,35,0.65,46.92
STR1748,PB91-7482,Karnal,Delhi,125,2.6,169.92
STR1749,PB10-7802,Zirakpur,Ambala,35,0.74,51.07
STR1750,PB65-2767,Bathinda,Moga,70,1.49,104.31
STR1751,PB92-5499,Sonipat,Delhi,45,0.83,60.64
STR1752,PB30-2743,Ambala,Delhi,200,4.44,263.97
STR1753,PB96-2215,Rajpura,Ambala,35,0.76,47.51
STR1754,PB84-1385,Ambala,Delhi,200,4.0,317.77
STR1755,PB13-1327,Chandigarh,Zirakpur,15,0.34,21.87
STR1756,PB23-1926,Ludhiana,Chandigarh,100,2.27,154.74
STR1757,PB79-7192,Ropar,Chandigarh,45,0.96,71.61
STR1758,PB30-8533,Ludhiana,Chandigarh,100,1.96,131.02
STR1759,PB69-1323,Zirakpur,Ambala,35,0.65,49.98
STR1760,PB60-4957,Moga,Ludhiana,70,1.49,102.1
STR1761,PB57-8217,Chandigarh,Zirakpur,15,0.28,20.44
STR1762,PB71-2558,Panipat,Sonipat,55,1.06,85.88
STR1763,PB16-3364,Panipat,Sonipat,55,1.25,71.86
STR1764,PB70-6020,Ferozepur,Faridkot,45,0.87,66.52
STR1765,PB70-1553,Faridkot,Bathinda,65,1.48,92.95
STR1766,PB74-4263,Kurukshetra,Panipat,85,1.77,125.12
STR1767,PB68-3130,Chandigarh,Zirakpur,15,0.35,22.38
STR1768,PB96-2999,Ludhiana,Chandigarh,100,1.85,145.25
STR1769,PB57-3549,Faridkot,Bathinda,65,1.18,92.13
STR1770,PB10-4157,Zirakpur,Ambala,35,0.64,51.75
STR1771,PB82-8747,Bathinda,Moga,70,1.59,106.23
STR1772,PB70-9354,Zirakpur,Ambala,35,0.76,51.01
STR1773,PB46-3495,Chandigarh,Ambala,45,1.07,67.78
STR1774,PB25-2154,Rajpura,Ambala,35,0.78,55.97
STR1775,PB27-5937,Kurukshetra,Panipat,85,1.81,129.5
STR1776,PB84-7066,Rajpura,Ambala,35,0.66,52.59
STR1777,PB68-7925,Ludhiana,Chandigarh,100,2.27,131.28
STR1778,PB63-3734,Chandigarh,Zirakpur,15,0.36,23.59
STR1779,PB17-3603,Bathinda,Moga,70,1.52,91.21
STR1780,PB46-9342,Moga,Ludhiana,70,1.49,108.82
STR1781,PB61-8240,Zirakpur,Ambala,35,0.65,49.81
STR1782,PB52-3309,Kurukshetra,Panipat,85,1.63,130.02
STR1783,PB30-3075,Rajpura,Ambala,35,0.8,45.83
STR1784,PB32-8022,Moga,Ludhiana,70,1.32,99.57
STR1785,PB73-3619,Ropar,Chandigarh,45,0.82,67.77
STR1786,PB10-7522,Rajpura,Ambala,35,0.76,46.52
STR1787,PB40-8304,Karnal,Delhi,125,2.72,171.77
STR1788,PB39-3561,Bathinda,Moga,70,1.35,110.53
STR1789,PB85-4132,Chandigarh,Zirakpur,15,0.31,23.14
STR1790,PB97-7072,Bathinda,Moga,70,1.32,106.89
STR1791,PB85-1889,Ludhiana,Chandigarh,100,1.92,145.6
STR1792,PB80-3705,Patiala,Rajpura,25,0.5,39.63
STR1793,PB47-9517,Moga,Ludhiana,70,1.4,92.49
STR1794,PB26-9987,Ferozepur,Faridkot,45,0.9,61.99
STR1795,PB59-6100,Ambala,Delhi,200,3.7,306.07
STR1796,PB46-7709,Chandigarh,Kurukshetra,95,1.76,143.15
STR1797,PB29-2211,Faridkot,Bathinda,65,1.41,91.32
STR1798,PB25-1158,Bathinda,Moga,70,1.49,105.05
STR1799,PB91-8057,Moga,Ludhiana,70,1.4,111.17
STR1800,PB65-8858,Bathinda,Moga,70,1.59,107.98
STR1801,PB16-2890,Chandigarh,Kurukshetra,95,1.79,145.01
STR1802,PB42-8695,Bathinda,Moga,70,1.59,98.44
STR1803,PB88-4825,Ambala,Delhi,200,3.85,298.97
STR1804,PB29-4923,Patiala,Rajpura,25,0.52,32.62
STR1805,PB42-4230,Kurukshetra,Panipat,85,1.73,118.97
STR1806,PB58-2934,Sonipat,Delhi,45,0.87,63.78
STR1807,PB53-3416,Ambala,Delhi,200,3.7,312.74
STR1808,PB68-8759,Ludhiana,Chandigarh,100,2.13,133.26
STR1809,PB62-6003,Patiala,Rajpura,25,0.49,39.55
STR1810,PB74-6261,Zirakpur,Ambala,35,0.76,50.32
STR1811,PB71-3975,Sonipat,Delhi,45,0.96,71.69
STR1812,PB43-6983,Zirakpur,Ambala,35,0.66,47.15
STR1813,PB37-1571,Bathinda,Moga,70,1.43,98.9
STR1814,PB27-3020,Ambala,Delhi,200,3.92,262.24
STR1815,PB60-9523,Ropar,Chandigarh,45,0.9,64.88
STR1816,PB12-1381,Ludhiana,Chandigarh,100,1.92,155.09
STR1817,PB94-2517,Sonipat,Delhi,45,1.0,69.62
STR1818,PB23-6395,Kurukshetra,Panipat,85,1.81,113.95
STR1819,PB32-7387,Rajpura,Ambala,35,0.83,46.39
STR1820,PB49-1943,Ferozepur,Faridkot,45,0.87,59.88
STR1821,PB24-6300,Zirakpur,Ambala,35,0.65,46.06
STR1822,PB91-1701,Ferozepur,Faridkot,45,0.96,69.31
STR1823,PB10-4540,Ferozepur,Faridkot,45,0.9,64.79
STR1824,PB86-6901,Bathinda,Moga,70,1.43,94.73
STR1825,PB91-5046,Amritsar,Jalandhar,80,1.51,127.29
STR1826,PB56-2623,Faridkot,Bathinda,65,1.33,101.5
STR1827,PB77-6882,Bathinda,Moga,70,1.67,97.29
STR1828,PB77-3494,Chandigarh,Ambala,45,0.85,70.33
STR1829,PB35-1004,Karnal,Delhi,125,2.36,175.14
STR1830,PB51-3740,Ludhiana,Chandigarh,100,2.04,131.48
STR1831,PB60-2452,Ludhiana,Chandigarh,100,1.82,155.5
STR1832,PB14-7918,Faridkot,Bathinda,65,1.51,101.74
STR1833,PB63-9003,Chandigarh,Ambala,45,0.83,61.9
STR1834,PB14-4939,Faridkot,Bathinda,65,1.55,97.33
STR1835,PB86-7712,Panipat,Sonipat,55,1.0,73.51
STR1836,PB36-5214,Chandigarh,Zirakpur,15,0.29,20.63
STR1837,PB91-1966,Zirakpur,Ambala,35,0.66,53.98
STR1838,PB72-4204,Ludhiana,Chandigarh,100,2.13,154.52
STR1839,PB13-8478,Patiala,Rajpura,25,0.6,39.25
STR1840,PB91-2751,Kurukshetra,Panipat,85,1.63,112.59
STR1841,PB30-2529,Ropar,Chandigarh,45,1.05,63.03
STR1842,PB52-5024,Moga,Ludhiana,70,1.49,105.17
STR1843,PB70-3780,Bathinda,Moga,70,1.67,96.31
STR1844,PB19-1560,Ambala,Karnal,75,1.79,100.53
STR1845,PB14-4537,Bathinda,Moga,70,1.27,94.46
STR1846,PB43-8407,Amritsar,Jalandhar,80,1.67,120.54
STR1847,PB49-8339,Moga,Ludhiana,70,1.67,103.48
STR1848,PB81-6052,Karnal,Delhi,125,2.66,183.38
STR1849,PB76-7385,Amritsar,Jalandhar,80,1.9,115.0
STR1850,PB10-3791,Panipat,Sonipat,55,1.31,87.09
STR1851,PB34-4826,Ludhiana,Chandigarh,100,2.22,145.85
STR1852,PB24-4301,Amritsar,Jalandhar,80,1.57,111.09
STR1853,PB61-4455,Moga,Ludhiana,70,1.37,101.53
STR1854,PB35-7629,Panipat,Sonipat,55,1.22,83.9
STR1855,PB52-6388,Chandigarh,Ambala,45,0.92,67.48
STR1856,PB75-6046,Moga,Ludhiana,70,1.67,106.09
STR1857,PB58-8007,Chandigarh,Ambala,45,0.82,67.37
STR1858,PB74-4563,Karnal,Delhi,125,2.4,179.15
STR1859,PB10-8914,Ferozepur,Faridkot,45,0.98,60.57
STR1860,PB32-4814,Ludhiana,Chandigarh,100,2.0,144.97
STR1861,PB52-2134,Patiala,Rajpura,25,0.56,34.48
STR1862,PB57-9240,Ludhiana,Chandigarh,100,2.38,131.07
STR1863,PB47-7021,Moga,Ludhiana,70,1.59,105.04
STR1864,PB62-6478,Bathinda,Moga,70,1.35,111.62
STR1865,PB64-1533,Ferozepur,Faridkot,45,1.02,58.72
STR1866,PB27-1733,Jalandhar,Ludhiana,60,1.22,86.85
STR1867,PB44-6296,Ropar,Chandigarh,45,0.87,67.39
STR1868,PB65-3834,Sonipat,Delhi,45,0.85,60.81
STR1869,PB36-3456,Ludhiana,Chandigarh,100,1.82,153.16
STR1870,PB80-6400,Chandigarh,Kurukshetra,95,1.86,145.81
STR1871,PB51-5809,Sonipat,Delhi,45,0.94,62.96
STR1872,PB82-8810,Faridkot,Bathinda,65,1.18,102.84
STR1873,PB20-7526,Chandigarh,Ambala,45,0.98,61.71
STR1874,PB21-1579,Bathinda,Moga,70,1.52,99.03
STR1875,PB79-4933,Kurukshetra,Panipat,85,1.93,124.6
STR1876,PB66-8421,Ferozepur,Faridkot,45,0.88,58.74
STR1877,PB47-8327,Bathinda,Moga,70,1.35,109.54
STR1878,PB56-3419,Chandigarh,Ambala,45,0.83,65.54
STR1879,PB72-9105,Bathinda,Moga,70,1.59,95.49
STR1880,PB84-7618,Ludhiana,Chandigarh,100,2.0,158.69
STR1881,PB96-2259,Chandigarh,Zirakpur,15,0.36,21.08
STR1882,PB21-8987,Ropar,Chandigarh,45,0.82,71.15
STR1883,PB29-6940,Amritsar,Jalandhar,80,1.82,125.6
STR1884,PB28-5472,Zirakpur,Ambala,35,0.8,55.91
STR1885,PB11-7538,Kurukshetra,Panipat,85,1.98,135.71
STR1886,PB68-5881,Bathinda,Moga,70,1.52,97.3
STR1887,PB20-9302,Ludhiana,Chandigarh,100,2.08,134.38
STR1888,PB97-6755,Ludhiana,Chandigarh,100,2.08,136.85
STR1889,PB35-2269,Moga,Ludhiana,70,1.43,103.23
STR1890,PB22-5483,Ropar,Chandigarh,45,0.88,70.28
STR1891,PB50-2563,Ambala,Karnal,75,1.6,110.92
STR1892,PB39-6028,Panipat,Sonipat,55,1.15,82.18
STR1893,PB35-4884,Ludhiana,Chandigarh,100,1.82,134.11
STR1894,PB35-8569,Ambala,Karnal,75,1.39,98.67
STR1895,PB89-8464,Ludhiana,Chandigarh,100,2.27,151.7
STR1896,PB28-7462,Bathinda,Moga,70,1.49,96.62
STR1897,PB91-4194,Bathinda,Moga,70,1.56,101.1
STR1898,PB82-2375,Zirakpur,Ambala,35,0.74,54.2
STR1899,PB71-2851,Chandigarh,Kurukshetra,95,1.94,144.81
STR1900,PB63-9878,Ferozepur,Faridkot,45,0.94,59.83
STR1901,PB88-7640,Karnal,Delhi,125,2.36,187.12
STR1902,PB39-1525,Patiala,Rajpura,25,0.49,34.97
STR1903,PB54-5372,Kurukshetra,Panipat,85,1.63,131.58
STR1904,PB14-2393,Sonipat,Delhi,45,0.85,61.39
STR1905,PB26-1079,Faridkot,Bathinda,65,1.3,102.45
STR1906,PB23-6932,Ferozepur,Faridkot,45,0.98,59.33
STR1907,PB81-4730,Ludhiana,Chandigarh,100,2.27,158.55
STR1908,PB50-7678,Ferozepur,Faridkot,45,1.02,69.02
STR1909,PB22-8104,Ropar,Chandigarh,45,0.88,68.42
STR1910,PB78-7450,Bathinda,Moga,70,1.37,111.61
STR1911,PB63-3531,Bathinda,Moga,70,1.59,108.59
STR1912,PB85-8088,Sonipat,Delhi,45,0.96,66.99
STR1913,PB34-3184,Bathinda,Moga,70,1.56,103.12
STR1914,PB21-3286,Faridkot,Bathinda,65,1.2,88.79
STR1915,PB47-1403,Faridkot,Bathinda,65,1.44,99.45
STR1916,PB39-5381,Bathinda,Moga,70,1.49,101.23
STR1917,PB66-5413,Rajpura,Ambala,35,0.67,46.48
STR1918,PB88-2087,Panipat,Sonipat,55,1.04,74.61
STR1919,PB97-6354,Bathinda,Moga,70,1.46,91.56
STR1920,PB49-5986,Patiala,Rajpura,25,0.5,39.36
STR1921,PB60-7775,Rajpura,Ambala,35,0.83,51.21
STR1922,PB24-4012,Patiala,Rajpura,25,0.5,35.71
STR1923,PB99-9870,Karnal,Delhi,125,2.78,181.63
STR1924,PB78-9296,Kurukshetra,Panipat,85,1.85,119.63
STR1925,PB48-7555,Sonipat,Delhi,45,0.9,69.65
STR1926,PB11-5210,Sonipat,Delhi,45,0.88,61.44
STR1927,PB47-6622,Chandigarh,Ambala,45,1.05,61.79
STR1928,PB71-8412,Karnal,Delhi,125,2.31,177.85
STR1929,PB44-2275,Jalandhar,Ludhiana,60,1.3,95.76
STR1930,PB91-2593,Kurukshetra,Panipat,85,1.89,123.42
STR1931,PB87-1984,Bathinda,Moga,70,1.52,102.13
STR1932,PB21-9972,Sonipat,Delhi,45,1.07,68.8
STR1933,PB27-8677,Bathinda,Moga,70,1.27,103.3
STR1934,PB19-8346,Sonipat,Delhi,45,1.05,61.03
STR1935,PB12-2695,Rajpura,Ambala,35,0.78,51.83
STR1936,PB72-8971,Zirakpur,Ambala,35,0.76,54.22
STR1937,PB79-7616,Chandigarh,Zirakpur,15,0.31,23.84
STR1938,PB73-7597,Ludhiana,Chandigarh,100,2.04,159.37
STR1939,PB65-5967,Ropar,Chandigarh,45,1.02,59.45
STR1940,PB79-4181,Faridkot,Bathinda,65,1.3,93.87
STR1941,PB89-9583,Ambala,Karnal,75,1.6,109.2
STR1942,PB28-2101,Chandigarh,Zirakpur,15,0.3,23.36
STR1943,PB60-3996,Ludhiana,Chandigarh,100,2.0,137.5
STR1944,PB23-7719,Panipat,Sonipat,55,1.06,80.59
STR1945,PB34-6056,Moga,Ludhiana,70,1.67,92.2
STR1946,PB50-8266,Ludhiana,Chandigarh,100,2.08,130.16
STR1947,PB78-8686,Ferozepur,Faridkot,45,0.82,63.8
STR1948,PB44-4771,Ambala,Karnal,75,1.7,104.59
STR1949,PB89-6146,Ludhiana,Chandigarh,100,2.38,139.5
STR1950,PB59-7109,Ambala,Karnal,75,1.79,99.15
STR1951,PB10-3219,Patiala,Rajpura,25,0.56,38.51
STR1952,PB64-3853,Zirakpur,Ambala,35,0.81,54.89
STR1953,PB83-9709,Rajpura,Ambala,35,0.66,48.04
STR1954,PB17-7743,Moga,Ludhiana,70,1.67,91.54
STR1955,PB28-2608,Patiala,Rajpura,25,0.52,32.92
STR1956,PB88-2249,Karnal,Delhi,125,2.91,186.13
STR1957,PB93-2808,Rajpura,Ambala,35,0.74,51.31
STR1958,PB94-1524,Bathinda,Moga,70,1.43,106.46
STR1959,PB76-9564,Bathinda,Moga,70,1.67,98.97
STR1960,PB90-6361,Chandigarh,Zirakpur,15,0.27,22.97
STR1961,PB86-2046,Ambala,Karnal,75,1.79,117.58
STR1962,PB34-8500,Bathinda,Moga,70,1.59,98.18
STR1963,PB40-1297,Chandigarh,Zirakpur,15,0.29,22.27
STR1964,PB41-8917,Ludhiana,Chandigarh,100,2.27,152.5
STR1965,PB91-4781,Bathinda,Moga,70,1.67,95.73
STR1966,PB76-2016,Bathinda,Moga,70,1.63,98.44
STR1967,PB70-3533,Rajpura,Ambala,35,0.66,53.67
STR1968,PB50-2710,Amritsar,Jalandhar,80,1.86,126.06
STR1969,PB37-3002,Ropar,Chandigarh,45,0.88,63.68
STR1970,PB69-2322,Chandigarh,Zirakpur,15,0.3,19.94
STR1971,PB22-5143,Bathinda,Moga,70,1.67,96.68
STR1972,PB66-2739,Karnal,Delhi,125,2.5,182.78
STR1973,PB45-6194,Chandigarh,Zirakpur,15,0.36,23.57
STR1974,PB20-3149,Moga,Ludhiana,70,1.67,99.86
STR1975,PB86-3695,Ambala,Karnal,75,1.79,107.9
STR1976,PB41-5424,Bathinda,Moga,70,1.59,107.96
STR1977,PB86-3090,Chandigarh,Zirakpur,15,0.31,20.41
STR1978,PB89-9846,Ambala,Delhi,200,3.85,279.14
STR1979,PB20-6203,Ropar,Chandigarh,45,1.07,69.91
STR1980,PB87-5390,Kurukshetra,Panipat,85,1.55,124.44
STR1981,PB76-1494,Panipat,Sonipat,55,1.28,81.13
STR1982,PB74-5321,Ludhiana,Chandigarh,100,2.0,133.11
STR1983,PB24-6417,Bathinda,Moga,70,1.35,99.58
STR1984,PB39-1256,Chandigarh,Kurukshetra,95,1.76,137.21
STR1985,PB43-3728,Ropar,Chandigarh,45,0.88,61.81
STR1986,PB71-7950,Ferozepur,Faridkot,45,0.87,65.76
STR1987,PB18-8235,Panipat,Sonipat,55,1.02,83.49
STR1988,PB51-9370,Ludhiana,Chandigarh,100,2.33,156.34
STR1989,PB18-7899,Chandigarh,Zirakpur,15,0.29,22.61
STR1990,PB98-1840,Ambala,Delhi,200,3.64,306.31
STR1991,PB63-4565,Chandigarh,Zirakpur,15,0.29,23.83
STR1992,PB47-3369,Bathinda,Moga,70,1.46,103.9
STR1993,PB33-4993,Sonipat,Delhi,45,0.88,62.99
STR1994,PB19-7598,Ropar,Chandigarh,45,0.82,59.99
STR1995,PB41-6202,Ludhiana,Chandigarh,100,1.85,145.27
STR1996,PB18-7945,Rajpura,Ambala,35,0.66,53.87
STR1997,PB80-4657,Panipat,Sonipat,55,1.17,80.55
STR1998,PB14-3658,Chandigarh,Zirakpur,15,0.33,21.5
STR1999,PB24-3920,Ferozepur,Faridkot,45,0.98,68.0
STR2000,PB80-5678,Ludhiana,Chandigarh,100,1.96,136.68
